{"cameraMode":{"drawMode":0,"name":"Shaded","section":"Shading Mode"},"sceneLighting":true,"audioPlay":false,"sceneViewState":{"m_AlwaysRefresh":false,"showFog":true,"showSkybox":true,"showFlares":true,"showImageEffects":true,"showParticleSystems":true,"showVisualEffectGraphs":true,"m_FxEnabled":true},"in2DMode":false,"pivot":{"x":0.11619710922241211,"y":-3.1139707565307619,"z":-0.9716320037841797},"rotation":{"x":-0.39529719948768618,"y":0.04048333317041397,"z":-0.01745244488120079,"w":-0.9175018072128296},"size":8.66035270690918,"orthographic":false}